Column1,Area,Mean,Solidity,Date,RNAi_treat,Column2
1,7609.803,8193.955,0.376,230110,230110_0.8_pAPi,
2,2589.641,7386.578,0.757,230110,230110_0.8_pAPi,
3,5312.846,6305.763,0.281,230110,230110_0.8_pAPi,
4,15070.377,8524.016,0.29,230110,230110_0.8_pAPi,
5,6263.453,8322.76,0.33,230110,230110_0.8_pAPi,
6,17951.055,7886.184,0.307,230110,230110_0.8_pAPi,
7,16293.058,7758.45,0.291,230110,230110_0.8_pAPi,
8,4032.453,8437.829,0.546,230110,230110_0.8_pAPi,
9,4090.99,7325.88,0.624,230110,230110_0.8_pAPi,
10,3792.534,6469.694,0.212,230110,230110_0.8_pAPi,
11,25668.038,8615.622,0.268,230110,230110_0.8_pAPi,
12,40547.964,8832.854,0.326,230110,230110_0.8_pAPi,
13,8698.92,8203.883,0.21,230110,230110_0.8_pAPi,
14,86758.347,8550.628,0.216,230110,230110_0.8_pAPi,
15,55122.014,8281.393,0.219,230110,230110_0.8_pAPi,
16,11982.76,8155.596,0.239,230110,230110_0.8_pAPi,
17,11074.2,7157.84,0.491,230110,230110_0.8_pAPi,
18,6079.598,9042.708,0.647,230110,230110_0.8_pAPi,
19,56474.135,7936.338,0.164,230110,230110_0.8_pAPi,
20,30731.071,7693.416,0.284,230110,230110_0.8_pAPi,
21,5654.999,7477.235,0.433,230110,230110_0.8_pAPi,
22,124123.055,8147.486,0.293,230110,230110_0.8_pAPi,
23,31548.115,8507.174,0.265,230110,230110_0.8_pAPi,
24,3800.779,7781.856,0.324,230110,230110_0.8_pAPi,
25,9589.341,6254.662,0.302,230110,230110_0.8_pAPi,
26,11740.367,7808.638,0.294,230110,230110_0.8_pAPi,
27,3961.55,6676.178,0.475,230110,230110_0.8_pAPi,
28,37932.764,9027.727,0.154,230110,230110_0.8_pAPi,
29,4529.605,8219.856,0.77,230110,230110_0.8_pAPi,
30,3363.813,6975.152,0.5,230110,230110_0.8_pAPi,
31,35295.304,8108.386,0.137,230110,230110_0.8_pAPi,
32,191243.494,7722.697,0.342,230110,230110_0.8_pAPi,
33,95083.784,7835.22,0.225,230110,230110_0.8_pAPi,
34,3444.611,6954.22,0.576,230110,230110_0.8_pAPi,
35,9577.798,7526.518,0.23,230110,230110_0.8_pAPi,
36,12731.373,8062.931,0.406,230110,230110_0.8_pAPi,
37,4419.127,5812.874,0.717,230110,230110_0.8_pAPi,
38,3175.835,7610.747,0.815,230110,230110_0.8_pAPi,
39,27932.84,8001.266,0.295,230110,230110_0.8_pAPi,
40,10767.5,7945.954,0.603,230110,230110_0.8_pAPi,
41,4552.69,5937.089,0.407,230110,230110_0.8_pAPi,
42,40049.163,7324.621,0.282,230110,230110_0.8_pAPi,
43,7766.451,6942.548,0.226,230110,230110_0.8_pAPi,
44,5158.671,6945.073,0.383,230110,230110_0.8_pAPi,
45,31078.17,7323.71,0.29,230110,230110_0.8_pAPi,
46,15542.795,6712.04,0.36,230110,230110_0.8_pAPi,
47,2904.587,7102.48,0.299,230110,230110_0.8_pAPi,
48,14139.558,7842.112,0.35,230110,230110_0.8_pAPi,
49,9927.371,7626.396,0.308,230110,230110_0.8_pAPi,
50,10411.331,8241.689,0.46,230110,230110_0.8_pAPi,
51,7215.709,8771.201,0.714,230110,230110_0.8_pAPi,
52,169893.174,8474.348,0.294,230110,230110_0.8_pAPi,
53,16492.578,8680.018,0.394,230110,230110_0.8_pAPi,
54,5585.744,6336.83,0.41,230110,230110_0.8_pAPi,
55,9973.541,7704.609,0.403,230110,230110_0.8_pAPi,
56,2724.029,7847.22,0.789,230110,230110_0.8_pAPi,
57,8056.662,7316.398,0.232,230110,230110_0.8_pAPi,
58,19707.987,8039.888,0.302,230110,230110_0.8_pAPi,
59,8785.488,8825.103,0.379,230110,230110_0.8_pAPi,
60,2802.353,7378.5,0.504,230110,230110_0.8_pAPi,
61,6818.317,7334.967,0.35,230110,230110_0.8_pAPi,
62,9241.417,8302.632,0.598,230110,230110_0.8_pAPi,
63,8345.225,7385.446,0.355,230110,230110_0.8_pAPi,
64,9773.196,8049.206,0.438,230110,230110_0.8_pAPi,
65,3788.412,5552.639,0.674,230110,230110_0.8_pAPi,
66,92095.102,7894.811,0.295,230110,230110_0.8_pAPi,
67,2653.125,7142.003,0.82,230110,230110_0.8_pAPi,
68,6613.85,8251.938,0.586,230110,230110_0.8_pAPi,
69,52633.782,8031.499,0.295,230110,230110_0.8_pAPi,
70,2564.908,9140.408,0.909,230110,230110_0.8_pAPi,
71,55949.776,7842.472,0.192,230110,230110_0.8_pAPi,
72,11222.604,7890.092,0.51,230110,230110_0.8_pAPi,
73,94890.86,8337.844,0.264,230110,230110_0.8_pAPi,
74,5941.088,7483.397,0.283,230110,230110_0.8_pAPi,
75,33674.408,7943.481,0.192,230110,230110_0.8_pAPi,
76,27009.441,7686.856,0.271,230110,230110_0.8_pAPi,
77,3297.856,6171.541,0.57,230110,230110_0.8_pAPi,
78,25006.818,7967.033,0.363,230110,230110_0.8_pAPi,
79,5831.434,6892.76,0.27,230110,230110_0.8_pAPi,
80,74569.471,8546.594,0.299,230110,230110_0.8_pAPi,
81,29155.52,8120.307,0.304,230110,230110_0.8_pAPi,
82,5508.244,7113.771,0.252,230110,230110_0.8_pAPi,
83,9224.103,7388.53,0.243,230110,230110_0.8_pAPi,
84,26854.441,8176.908,0.198,230110,230110_0.8_pAPi,
85,14652.374,7376.045,0.228,230110,230110_0.8_pAPi,
86,54549.012,7918.459,0.313,230110,230110_0.8_pAPi,
87,26175.083,8063.054,0.301,230110,230110_0.8_pAPi,
88,10478.113,7120.416,0.359,230110,230110_0.8_pAPi,
89,13226.876,8318.457,0.256,230110,230110_0.8_pAPi,
90,10904.361,8562.65,0.43,230110,230110_0.8_pAPi,
91,3351.446,7746.962,0.504,230110,230110_0.8_pAPi,
92,12246.588,7483.439,0.329,230110,230110_0.8_pAPi,
93,4147.878,7273.543,0.618,230110,230110_0.8_pAPi,
94,3044.746,6103.441,0.904,230110,230110_0.8_pAPi,
95,6368.16,6934.204,0.378,230110,230110_0.8_pAPi,
96,4701.094,7456.114,0.411,230110,230110_0.8_pAPi,
97,6116.698,5724.003,0.558,230110,230110_0.8_pAPi,
98,14228.6,7236.502,0.243,230110,230110_0.8_pAPi,
99,3224.479,6963.767,0.362,230110,230110_0.8_pAPi,
100,54037.844,7883.793,0.204,230110,230110_0.8_pAPi,
101,26278.141,8375.556,0.268,230110,230110_0.8_pAPi,
102,9727.851,8736.924,0.422,230110,230110_0.8_pAPi,
103,59207.233,8880.7,0.253,230110,230110_0.8_pAPi,
104,13607.778,8323.444,0.414,230110,230110_0.8_pAPi,
105,29637.007,8422.803,0.373,230110,230110_0.8_pAPi,
106,2580.572,7964.152,0.776,230110,230110_0.8_pAPi,
107,49686.323,7624.545,0.2,230110,230110_0.8_pAPi,
108,2649.827,7584.321,0.6,230110,230110_0.8_pAPi,
109,7782.116,7700.443,0.34,230110,230110_0.8_pAPi,
110,7340.203,6852.455,0.362,230110,230110_0.8_pAPi,
111,8247.113,7777.103,0.285,230110,230110_0.8_pAPi,
112,2691.875,6633.189,0.853,230110,230110_0.8_pAPi,
113,63622.238,7532.331,0.217,230110,230110_0.8_pAPi,
114,40141.503,8746.54,0.355,230110,230110_0.8_pAPi,
115,17631.163,7717.16,0.252,230110,230110_0.8_pAPi,
116,4295.457,8982.445,0.683,230110,230110_0.8_pAPi,
117,5913.056,7158.434,0.463,230110,230110_0.8_pAPi,
118,15894.017,7511.274,0.325,230110,230110_0.8_pAPi,
119,6963.423,6910.53,0.257,230110,230110_0.8_pAPi,
120,48344.096,8472.298,0.267,230110,230110_0.8_pAPi,
121,16467.844,6909.789,0.259,230110,230110_0.8_pAPi,
122,6074.651,5928.778,0.418,230110,230110_0.8_pAPi,
123,13540.172,9228.167,0.276,230110,230110_0.8_pAPi,
124,2725.678,6643.005,0.815,230110,230110_0.8_pAPi,
125,28635.284,8635.128,0.367,230110,230110_0.8_pAPi,
126,22806.323,7352.808,0.363,230110,230110_0.8_pAPi,
127,37004.418,8054.393,0.252,230110,230110_0.8_pAPi,
128,32149.149,8961.698,0.284,230110,230110_0.8_pAPi,
129,2815.545,8164.349,0.885,230110,230110_0.8_pAPi,
130,3042.272,9170.673,0.629,230110,230110_0.8_pAPi,
131,10128.54,8359.63,0.344,230110,230110_0.8_pAPi,
132,50148.023,8390.43,0.2,230110,230110_0.8_pAPi,
133,8582.67,7882.677,0.293,230110,230110_0.8_pAPi,
134,28666.613,8284.103,0.327,230110,230110_0.8_pAPi,
135,9032.828,6841.417,0.475,230110,230110_0.8_pAPi,
136,3519.637,5514.291,0.621,230110,230110_0.8_pAPi,
137,21023.008,7807.595,0.212,230110,230110_0.8_pAPi,
138,2896.342,7954.59,0.615,230110,230110_0.8_pAPi,
139,26399.337,7129.759,0.298,230110,230110_0.8_pAPi,
140,35322.511,7851.454,0.268,230110,230110_0.8_pAPi,
141,23589.564,7554.267,0.306,230110,230110_0.8_pAPi,
142,3221.181,7977.663,0.645,230110,230110_0.8_pAPi,
143,4691.2,6194.076,0.777,230110,230110_0.8_pAPi,
144,44929.99,8045.86,0.308,230110,230110_0.8_pAPi,
145,12059.435,7294.786,0.218,230110,230110_0.8_pAPi,
146,38306.246,7615.288,0.247,230110,230110_0.8_pAPi,
147,3539.424,6309.13,0.538,230110,230110_0.8_pAPi,
148,25749.66,8050.312,0.233,230110,230110_0.8_pAPi,
149,5078.698,6770.077,0.272,230110,230110_0.8_pAPi,
150,18811.795,8151.78,0.343,230110,230110_0.8_pAPi,
151,7586.718,7191.989,0.356,230110,230110_0.8_pAPi,
152,53693.218,7667.514,0.212,230110,230110_0.8_pAPi,
153,83198.311,7909.563,0.172,230110,230110_0.8_pAPi,
154,2519.562,6481.942,0.435,230110,230110_0.8_pAPi,
155,65920.844,8483.395,0.171,230110,230110_0.8_pAPi,
156,25209.636,7775.991,0.302,230110,230110_0.8_pAPi,
157,30827.533,8461.058,0.179,230110,230110_0.8_pAPi,
158,10186.253,8418.317,0.382,230110,230110_0.8_pAPi,
159,6098.56,8555.699,0.433,230110,230110_0.8_pAPi,
160,3733.173,7427.978,0.553,230110,230110_0.8_pAPi,
161,3539.424,7628.054,0.813,230110,230110_0.8_pAPi,
162,3085.144,6720.456,0.357,230110,230110_0.8_pAPi,
163,29358.339,7625.357,0.21,230110,230110_0.8_pAPi,
164,2707.54,7567.55,0.484,230110,230110_0.8_pAPi,
165,4597.211,6687.925,0.558,230110,230110_0.8_pAPi,
166,2766.901,7717.816,0.688,230110,230110_0.8_pAPi,
167,62504.265,8457.773,0.222,230110,230110_0.8_pAPi,
168,3917.028,8508.742,0.397,230110,230110_0.8_pAPi,
169,6423.399,7436.883,0.343,230110,230110_0.8_pAPi,
170,12019.861,7887.502,0.395,230110,230110_0.8_pAPi,
171,3983.81,8228.969,0.667,230110,230110_0.8_pAPi,
172,7032.678,6877.288,0.238,230110,230110_0.8_pAPi,
173,206788.763,8118.232,0.241,230110,230110_0.8_pAPi,
174,156540.98,7684.148,0.235,230110,230110_0.8_pAPi,
175,2637.46,6544.133,0.293,230110,230110_0.8_pAPi,
176,3771.098,7741.435,0.62,230110,230110_0.8_pAPi,
177,21231.597,8002.524,0.176,230110,230110_0.8_pAPi,
178,4648.328,8447.18,0.632,230110,230110_0.8_pAPi,
179,2606.955,6106.715,0.661,230110,230110_0.8_pAPi,
180,8444.985,9235.831,0.421,230110,230110_0.8_pAPi,
181,2780.917,7347.344,0.52,230110,230110_0.8_pAPi,
182,5609.653,7365.521,0.301,230110,230110_0.8_pAPi,
183,4597.211,5267.873,0.521,230110,230110_0.8_pAPi,
184,3393.494,7427.402,0.323,230110,230110_0.8_pAPi,
185,58323.408,7535.656,0.283,230110,230110_0.8_pAPi,
186,14447.907,7505.692,0.217,230110,230110_0.8_pAPi,
187,2681.157,6288.238,0.383,230110,230110_0.8_pAPi,
188,6419.277,6539.305,0.493,230110,230110_0.8_pAPi,
189,2896.342,7017.399,0.584,230110,230110_0.8_pAPi,
190,3874.981,7787.4,0.615,230110,230110_0.8_pAPi,
191,25243.439,7720.775,0.231,230110,230110_0.8_pAPi,
192,4344.101,6826.442,0.284,230110,230110_0.8_pAPi,
193,6776.27,9271.352,0.521,230110,230110_0.8_pAPi,
194,22958.849,7951.213,0.168,230110,230110_0.8_pAPi,
195,3090.091,7648.636,0.784,230110,230110_0.8_pAPi,
196,63630.483,7446.652,0.217,230110,230110_0.8_pAPi,
197,42861.41,8435.507,0.198,230110,230110_0.8_pAPi,
198,3695.248,6035.039,0.44,230110,230110_0.8_pAPi,
199,2779.268,9386.961,0.713,230110,230110_0.8_pAPi,
200,52875.35,7570.977,0.313,230110,230110_0.8_pAPi,
201,54373.401,8264.833,0.256,230110,230110_0.8_pAPi,
202,27061.382,8797.773,0.202,230110,230110_0.8_pAPi,
203,2570.679,6586.996,0.488,230110,230110_0.8_pAPi,
204,37563.404,7304.078,0.346,230110,230110_0.8_pAPi,
205,55084.089,8222.494,0.294,230110,230110_0.8_pAPi,
206,36289.607,8207.572,0.165,230110,230110_0.8_pAPi,
207,4118.198,8742.087,0.645,230110,230110_0.8_pAPi,
208,4169.314,7126.147,0.439,230110,230110_0.8_pAPi,
209,4497.451,7776.411,0.649,230110,230110_0.8_pAPi,
210,3541.073,9293.314,0.46,230110,230110_0.8_pAPi,
211,31343.648,7482.589,0.292,230110,230110_0.8_pAPi,
212,2606.955,5792.078,0.609,230110,230110_0.8_pAPi,
213,3222.83,7468.947,0.363,230110,230110_0.8_pAPi,
214,3153.575,7589.728,0.354,230110,230110_0.8_pAPi,
215,15077.798,8214.924,0.341,230110,230110_0.8_pAPi,
216,33788.184,8225.361,0.197,230110,230110_0.8_pAPi,
217,3493.254,7730.714,0.328,230110,230110_0.8_pAPi,
218,9079.822,7956.058,0.307,230110,230110_0.8_pAPi,
219,13322.514,8420.538,0.379,230110,230110_0.8_pAPi,
220,2554.189,8395.555,0.716,230110,230110_0.8_pAPi,
221,21986.806,8099.215,0.256,230110,230110_0.8_pAPi,
222,24634.984,9124.34,0.208,230110,230110_0.8_pAPi,
223,23056.136,8266.593,0.274,230110,230110_0.8_pAPi,
224,5772.897,6671.421,0.407,230110,230110_0.8_pAPi,
225,4955.853,6753.38,0.567,230110,230110_0.8_pAPi,
226,3016.714,6367.01,0.705,230110,230110_0.8_pAPi,
227,23005.843,7289.486,0.303,230110,230110_0.8_pAPi,
228,3215.41,6582.563,0.439,230110,230110_0.8_pAPi,
229,50740.812,8359.069,0.193,230110,230110_0.8_pAPi,
230,32924.145,8098.234,0.275,230110,230110_0.8_pAPi,
231,4241.867,6946.455,0.394,230110,230110_0.8_pAPi,
232,17191.723,7889.253,0.144,230110,230110_0.8_pAPi,
233,11632.363,8215.592,0.239,230110,230110_0.8_pAPi,
234,10575.4,8335.394,0.264,230110,230110_0.8_pAPi,
235,2900.464,7438.12,0.43,230110,230110_0.8_pAPi,
236,72781.209,8221.876,0.204,230110,230110_0.8_pAPi,
237,2597.062,6460.803,0.704,230110,230110_0.8_pAPi,
238,23720.654,7910.78,0.161,230110,230110_0.8_pAPi,
239,11374.305,7312.436,0.397,230110,230110_0.8_pAPi,
240,7246.214,8026.311,0.351,230110,230110_0.8_pAPi,
241,7832.408,7722.119,0.272,230110,230110_0.8_pAPi,
242,3458.626,7685.811,0.337,230110,230110_0.8_pAPi,
243,25480.884,8745.741,0.288,230110,230110_0.8_pAPi,
244,2553.365,7310.966,0.323,230110,230110_0.8_pAPi,
245,24390.943,9097.7,0.314,230110,230110_0.8_pAPi,
246,10297.555,8872.201,0.239,230110,230110_0.8_pAPi,
247,2536.876,6055.796,0.742,230110,230110_0.8_pAPi,
248,23289.459,7918.49,0.171,230110,230110_0.8_pAPi,
249,4013.491,8845.254,0.499,230110,230110_0.8_pAPi,
250,19164.666,7992.942,0.342,230110,230110_0.8_pAPi,
251,22234.97,7677.011,0.248,230110,230110_0.8_pAPi,
252,9238.944,7291.244,0.25,230110,230110_0.8_pAPi,
253,10744.415,7880.793,0.349,230110,230110_0.8_pAPi,
254,2559.136,7068.887,0.315,230110,230110_0.8_pAPi,
255,2523.684,9869.237,0.946,230110,230110_0.8_pAPi,
1100,4443.861,6802.256,0.44,230110,_PpSCD1_0.75,
256,2540.998,6837.218,0.632,230110,_PpSCD1_0.75,
310,4323.489,7762.442,0.789,230110,_PpSCD1_0.75,
410,6455.553,8743.761,0.467,230110,_PpSCD1_0.75,
510,6638.584,7055.805,0.264,230110,_PpSCD1_0.75,
610,11034.626,7857.448,0.268,230110,_PpSCD1_0.75,
710,2650.652,5247.692,0.698,230110,_PpSCD1_0.75,
810,8601.633,7998.219,0.281,230110,_PpSCD1_0.75,
910,5876.779,7422.796,0.289,230110,_PpSCD1_0.75,
1010,4470.244,9028.355,0.712,230110,_PpSCD1_0.75,
1110,18148.926,8092.876,0.174,230110,_PpSCD1_0.75,
1210,3757.907,8584.835,0.627,230110,_PpSCD1_0.75,
1310,5195.772,8470.988,0.401,230110,_PpSCD1_0.75,
1410,2840.278,8565.558,0.879,230110,_PpSCD1_0.75,
1510,3887.348,8737.166,0.462,230110,_PpSCD1_0.75,
1610,3343.202,8851.133,0.504,230110,_PpSCD1_0.75,
1710,5018.512,6395.953,0.434,230110,_PpSCD1_0.75,
1810,13836.155,7032.768,0.355,230110,_PpSCD1_0.75,
1910,24322.512,7313.853,0.227,230110,_PpSCD1_0.75,
2010,4258.357,7774.674,0.544,230110,_PpSCD1_0.75,
2110,3751.311,6567.308,0.246,230110,_PpSCD1_0.75,
2210,9359.315,7989.17,0.296,230110,_PpSCD1_0.75,
2310,2780.917,9520.442,0.868,230110,_PpSCD1_0.75,
2410,20309.022,8485.881,0.365,230110,_PpSCD1_0.75,
257,2591.29,6585.072,0.691,230110,_PpSCD1_0.75,
261,8360.889,7227.099,0.614,230110,_PpSCD1_0.75,
271,2594.588,8384.066,0.887,230110,_PpSCD1_0.75,
281,2875.73,10470.281,0.745,230110,_PpSCD1_0.75,
291,3320.941,5812.79,0.459,230110,_PpSCD1_0.75,
301,9598.41,8136.28,0.308,230110,_PpSCD1_0.75,
311,3542.722,8038.874,0.839,230110,_PpSCD1_0.75,
1101,4411.707,9337.049,0.63,230110,_PpSCD1_1.25,
258,2818.842,5927.882,0.581,230110,_PpSCD1_1.25,
312,7192.624,7639.328,0.475,230110,_PpSCD1_1.25,
411,3151.926,7850.535,0.559,230110,_PpSCD1_1.25,
511,3480.063,8401.852,0.627,230110,_PpSCD1_1.25,
611,14031.553,8134.148,0.319,230110,_PpSCD1_1.25,
711,11325.662,8253.016,0.347,230110,_PpSCD1_1.25,
811,20185.352,8210.37,0.276,230110,_PpSCD1_1.25,
911,4582.371,6536.943,0.343,230110,_PpSCD1_1.25,
1011,5472.792,7630.66,0.261,230110,_PpSCD1_1.25,
1111,3301.978,6820.348,0.859,230110,_PpSCD1_1.25,
1211,10637.235,7702.868,0.514,230110,_PpSCD1_1.25,
1311,2810.598,7180.697,0.694,230110,_PpSCD1_1.25,
1411,3621.046,8887.048,0.662,230110,_PpSCD1_1.25,
1511,6782.865,8282.161,0.43,230110,_PpSCD1_1.25,
1611,8491.155,6568.01,0.532,230110,_PpSCD1_1.25,
1711,3038.15,5704.154,0.525,230110,_PpSCD1_1.25,
1811,3766.976,8902.082,0.627,230110,_PpSCD1_1.25,
1911,4435.616,5823.954,0.326,230110,_PpSCD1_1.25,
2011,17730.923,7642.866,0.533,230110,_PpSCD1_1.25,
2111,5270.798,9452.23,0.683,230110,_PpSCD1_1.25,
2211,10115.349,8624.343,0.303,230110,_PpSCD1_1.25,
2311,35994.449,7437.697,0.338,230110,_PpSCD1_1.25,
2411,24057.035,7408.177,0.741,230110,_PpSCD1_1.25,
259,2640.758,6446.046,0.728,230110,_PpSCD1_1.25,
262,3699.37,6795.187,0.46,230110,_PpSCD1_1.25,
272,4077.799,7699.554,0.784,230110,_PpSCD1_1.25,
282,6390.42,8142.41,0.545,230110,_PpSCD1_1.25,
292,3315.17,6668.005,0.471,230110,_PpSCD1_1.25,
302,4396.867,7789.685,0.581,230110,_PpSCD1_1.25,
313,2534.402,6912.229,0.727,230110,_PpSCD1_1.25,
321,2620.147,9184.764,0.904,230110,_PpSCD1_1.25,
331,3996.177,5617.629,0.512,230110,_PpSCD1_1.25,
341,3149.452,7989.696,0.657,230110,_PpSCD1_1.25,
351,3390.196,6094.553,0.442,230110,_PpSCD1_1.25,
361,5346.649,8480.749,0.873,230110,_PpSCD1_1.25,
371,2852.645,5863.15,0.783,230110,_PpSCD1_1.25,
381,5651.701,7333.738,0.34,230110,_PpSCD1_1.25,
391,3099.985,6412.146,0.764,230110,_PpSCD1_1.25,
1102,3684.53,6788.608,0.325,230110,_PpSCD1_2.5,
260,17087.841,7966.088,0.218,230110,_PpSCD1_2.5,
314,3543.546,9614.275,0.629,230110,_PpSCD1_2.5,
412,13132.063,7968.549,0.362,230110,_PpSCD1_2.5,
512,5204.017,7208.23,0.53,230110,_PpSCD1_2.5,
612,12289.46,7845.245,0.284,230110,_PpSCD1_2.5,
712,3029.081,8581.931,0.654,230110,_PpSCD1_2.5,
812,5659.945,6580.299,0.358,230110,_PpSCD1_2.5,
912,2859.241,6613.796,0.483,230110,_PpSCD1_2.5,
1012,6210.687,7987.443,0.427,230110,_PpSCD1_2.5,
1112,16704.465,9023.204,0.196,230110,_PpSCD1_2.5,
1212,2908.709,7891.393,0.692,230110,_PpSCD1_2.5,
1312,9389.82,7084.744,0.321,230110,_PpSCD1_2.5,
1412,6096.087,7089.142,0.759,230110,_PpSCD1_2.5,
1512,4366.361,9894.082,0.825,230110,_PpSCD1_2.5,
1612,34905.332,8873.314,0.372,230110,_PpSCD1_2.5,
1712,26968.217,8224.913,0.208,230110,_PpSCD1_2.5,
1812,8056.662,8394.41,0.478,230110,_PpSCD1_2.5,
1912,12575.549,7919.014,0.391,230110,_PpSCD1_2.5,
2012,3389.372,6718.61,0.553,230110,_PpSCD1_2.5,
2112,24897.988,7950.566,0.213,230110,_PpSCD1_2.5,
2212,2530.28,7262.317,0.84,230110,_PpSCD1_2.5,
2312,7212.411,8057.664,0.376,230110,_PpSCD1_2.5,
2412,18853.843,7864.028,0.276,230110,_PpSCD1_2.5,
2510,33330.606,9180.063,0.322,230110,_PpSCD1_2.5,
263,2710.013,7539.019,0.748,230110,_PpSCD1_2.5,
273,6346.724,6331.914,0.413,230110,_PpSCD1_2.5,
283,2912.007,5617.3,0.261,230110,_PpSCD1_2.5,
293,4171.788,9475.945,0.57,230110,_PpSCD1_2.5,
303,3114.001,4747.773,0.782,230110,_PpSCD1_2.5,
315,5665.717,8468.612,0.633,230110,_PpSCD1_2.5,
322,6796.881,6215.676,0.48,230110,_PpSCD1_2.5,
332,5191.65,7948.829,0.36,230110,_PpSCD1_2.5,
342,2774.321,10888.233,0.941,230110,_PpSCD1_2.5,
1103,26833.005,9431.161,0.337,230110,_PpSCD1_5,
264,3198.096,6951.052,0.839,230110,_PpSCD1_5,
316,4155.299,8447.176,0.406,230110,_PpSCD1_5,
413,2575.626,5961.205,0.766,230110,_PpSCD1_5,
513,8292.459,8547.569,0.329,230110,_PpSCD1_5,
613,2545.945,7599.201,0.517,230110,_PpSCD1_5,
713,5824.838,7115.055,0.357,230110,_PpSCD1_5,
813,5799.28,7987.879,0.353,230110,_PpSCD1_5,
913,3278.069,5905.883,0.585,230110,_PpSCD1_5,
1013,11380.077,8687.515,0.476,230110,_PpSCD1_5,
1113,9977.663,7427.275,0.603,230110,_PpSCD1_5,
1213,13064.457,8964.425,0.396,230110,_PpSCD1_5,
1313,6553.664,7205.335,0.387,230110,_PpSCD1_5,
1413,11688.426,7807.831,0.33,230110,_PpSCD1_5,
1513,6224.703,7499.653,0.254,230110,_PpSCD1_5,
1613,4304.527,6843.449,0.349,230110,_PpSCD1_5,
1713,7876.929,6860.014,0.333,230110,_PpSCD1_5,
1813,12473.316,7673.677,0.312,230110,_PpSCD1_5,
1913,2757.008,6186.591,0.861,230110,_PpSCD1_5,
2013,8325.437,6909.216,0.275,230110,_PpSCD1_5,
2113,3061.235,7164.196,0.398,230110,_PpSCD1_5,
2213,2555.838,10584.66,0.899,230110,_PpSCD1_5,
2313,107426.835,4212.717,0.584,230110,_PpSCD1_5,
2413,31863.885,9294.367,0.307,230110,_PpSCD1_5,
2511,5860.29,4090.355,0.726,230110,_PpSCD1_5,
265,10562.208,8723.021,0.301,230110,_PpSCD1_5,
274,7743.366,9083.418,0.426,230110,_PpSCD1_5,
284,4691.2,6048.37,0.44,230110,_PpSCD1_5,
294,2832.034,6624.577,0.438,230110,_PpSCD1_5,
304,2564.908,7006.043,0.81,230110,_PpSCD1_5,
317,23963.871,9304.385,0.198,230110,_PpSCD1_5,
323,10852.42,8554.433,0.337,230110,_PpSCD1_5,
333,5674.786,9291.706,0.626,230110,_PpSCD1_5,
343,9008.094,8637.212,0.255,230110,_PpSCD1_5,
352,10980.212,8362.171,0.255,230110,_PpSCD1_5,
1104,3715.859,6397.546,0.716,230110,230110_0.8_SCD1i,
266,3140.383,7663.625,0.549,230110,230110_0.8_SCD1i,
318,3607.854,7783.233,0.742,230110,230110_0.8_SCD1i,
414,8102.008,7315.609,0.552,230110,230110_0.8_SCD1i,
514,6025.183,5735.253,0.474,230110,230110_0.8_SCD1i,
614,12975.414,8279.356,0.584,230110,230110_0.8_SCD1i,
714,3842.827,8195.976,0.602,230110,230110_0.8_SCD1i,
814,4441.388,9930.831,0.635,230110,230110_0.8_SCD1i,
914,3348.148,8170.761,0.783,230110,230110_0.8_SCD1i,
1014,2732.274,6788.677,0.738,230110,230110_0.8_SCD1i,
1114,6962.598,9284.805,0.628,230110,230110_0.8_SCD1i,
1214,2717.433,6543.117,0.836,230110,230110_0.8_SCD1i,
1314,6810.073,8186.212,0.893,230110,230110_0.8_SCD1i,
1414,3467.696,6149.469,0.495,230110,230110_0.8_SCD1i,
1514,6529.755,9467.287,0.6,230110,230110_0.8_SCD1i,
1614,2705.891,7017.079,0.787,230110,230110_0.8_SCD1i,
1714,5499.999,7000.248,0.443,230110,230110_0.8_SCD1i,
1814,7626.292,8568.176,0.496,230110,230110_0.8_SCD1i,
1914,3878.279,6286.337,0.676,230110,230110_0.8_SCD1i,
2014,3676.285,8129.356,0.729,230110,230110_0.8_SCD1i,
2114,5420.026,5594.867,0.539,230110,230110_0.8_SCD1i,
2214,2661.37,6934.39,0.639,230110,230110_0.8_SCD1i,
2314,3081.846,9600.631,0.927,230110,230110_0.8_SCD1i,
2414,7163.768,6747.711,0.439,230110,230110_0.8_SCD1i,
2512,3126.367,6140.263,0.573,230110,230110_0.8_SCD1i,
267,7446.559,7574.75,0.346,230110,230110_0.8_SCD1i,
275,4114.075,7537.186,0.793,230110,230110_0.8_SCD1i,
285,12882.25,8186.179,0.377,230110,230110_0.8_SCD1i,
295,7280.842,9788.729,0.489,230110,230110_0.8_SCD1i,
305,6643.531,7017.415,0.575,230110,230110_0.8_SCD1i,
319,3022.485,5951.842,0.3,230110,230110_0.8_SCD1i,
324,7232.198,6336.835,0.389,230110,230110_0.8_SCD1i,
334,10842.526,7133.397,0.546,230110,230110_0.8_SCD1i,
344,3599.61,7754.852,0.886,230110,230110_0.8_SCD1i,
353,2947.459,5309.512,0.777,230110,230110_0.8_SCD1i,
362,2544.296,7232.04,0.921,230110,230110_0.8_SCD1i,
372,18871.156,9720.375,0.516,230110,230110_0.8_SCD1i,
382,14520.46,9731.143,0.404,230110,230110_0.8_SCD1i,
392,5005.321,6316.214,0.416,230110,230110_0.8_SCD1i,
401,2987.033,6941.752,0.411,230110,230110_0.8_SCD1i,
415,4795.907,8862.949,0.74,230110,230110_0.8_SCD1i,
421,3571.578,9254.637,0.693,230110,230110_0.8_SCD1i,
431,3108.229,5580.742,0.663,230110,230110_0.8_SCD1i,
441,10250.561,7223.127,0.329,230110,230110_0.8_SCD1i,
451,11253.934,9398.583,0.463,230110,230110_0.8_SCD1i,
461,5406.01,6916.741,0.659,230110,230110_0.8_SCD1i,
471,11558.985,8267.296,0.441,230110,230110_0.8_SCD1i,
481,7525.707,6714.715,0.347,230110,230110_0.8_SCD1i,
491,3051.341,9111.063,0.681,230110,230110_0.8_SCD1i,
501,3737.295,8607.14,0.739,230110,230110_0.8_SCD1i,
515,13000.148,7669.067,0.406,230110,230110_0.8_SCD1i,
521,7809.323,7511.223,0.612,230110,230110_0.8_SCD1i,
531,4275.67,8043.507,0.552,230110,230110_0.8_SCD1i,
541,4675.535,10188.934,0.602,230110,230110_0.8_SCD1i,
551,3346.499,7325.405,0.549,230110,230110_0.8_SCD1i,
561,13325.812,9194.027,0.443,230110,230110_0.8_SCD1i,
571,8878.653,7502.682,0.358,230110,230110_0.8_SCD1i,
581,7728.526,8728.315,0.406,230110,230110_0.8_SCD1i,
591,2559.136,8068.984,0.891,230110,230110_0.8_SCD1i,
601,13272.221,8360.732,0.434,230110,230110_0.8_SCD1i,
615,5178.458,7182.133,0.291,230110,230110_0.8_SCD1i,
621,3377.829,6073.129,0.754,230110,230110_0.8_SCD1i,
631,5930.37,8176.784,0.682,230110,230110_0.8_SCD1i,
641,17692.173,7306.042,0.424,230110,230110_0.8_SCD1i,
651,4740.668,8163.471,0.64,230110,230110_0.8_SCD1i,
661,8146.529,6233.226,0.481,230110,230110_0.8_SCD1i,
671,4441.388,8616.451,0.727,230110,230110_0.8_SCD1i,
1105,37997.897,8623.519,0.179,230110,230110_1.25_pAPi,
268,9136.71,8292.131,0.303,230110,230110_1.25_pAPi,
320,45473.312,8779.576,0.155,230110,230110_1.25_pAPi,
416,45142.702,8786.761,0.218,230110,230110_1.25_pAPi,
516,23180.63,8191.58,0.34,230110,230110_1.25_pAPi,
616,4912.981,8171.52,0.379,230110,230110_1.25_pAPi,
715,5850.397,8303.912,0.267,230110,230110_1.25_pAPi,
815,63385.617,9117.132,0.181,230110,230110_1.25_pAPi,
915,5411.782,9732.323,0.48,230110,230110_1.25_pAPi,
1015,3667.216,6874.46,0.431,230110,230110_1.25_pAPi,
1115,5307.075,9682.084,0.676,230110,230110_1.25_pAPi,
1215,3568.28,7172.778,0.283,230110,230110_1.25_pAPi,
1315,3205.516,7726.313,0.563,230110,230110_1.25_pAPi,
1415,8282.565,8481.033,0.376,230110,230110_1.25_pAPi,
1515,6711.137,8144.534,0.309,230110,230110_1.25_pAPi,
1615,49616.244,9299.599,0.259,230110,230110_1.25_pAPi,
1715,19740.142,9231.17,0.414,230110,230110_1.25_pAPi,
1815,3292.909,6180.066,0.319,230110,230110_1.25_pAPi,
1915,38934.488,9178.026,0.42,230110,230110_1.25_pAPi,
2015,3393.494,6442.815,0.625,230110,230110_1.25_pAPi,
2115,6837.28,8148.369,0.295,230110,230110_1.25_pAPi,
2215,23746.212,9446.261,0.38,230110,230110_1.25_pAPi,
2315,3973.092,7014.872,0.638,230110,230110_1.25_pAPi,
2415,7226.427,8676.871,0.375,230110,230110_1.25_pAPi,
2513,4367.186,6822.516,0.382,230110,230110_1.25_pAPi,
269,5359.016,7094.44,0.437,230110,230110_1.25_pAPi,
276,4265.777,8561.283,0.296,230110,230110_1.25_pAPi,
286,57204.61,8555.407,0.25,230110,230110_1.25_pAPi,
296,7334.432,7453.806,0.328,230110,230110_1.25_pAPi,
306,2965.597,6981.546,0.274,230110,230110_1.25_pAPi,
3110,2851.821,6676.031,0.425,230110,230110_1.25_pAPi,
325,85233.913,8742.991,0.406,230110,230110_1.25_pAPi,
335,19431.792,8252.554,0.204,230110,230110_1.25_pAPi,
345,2917.778,6423.945,0.603,230110,230110_1.25_pAPi,
354,4457.877,7967.729,0.55,230110,230110_1.25_pAPi,
363,33892.891,8432.121,0.149,230110,230110_1.25_pAPi,
373,2808.949,7511.723,0.572,230110,230110_1.25_pAPi,
383,23708.287,8340.03,0.242,230110,230110_1.25_pAPi,
393,18383.074,7006.533,0.458,230110,230110_1.25_pAPi,
402,8056.662,8556.179,0.36,230110,230110_1.25_pAPi,
417,25611.15,8450.15,0.282,230110,230110_1.25_pAPi,
422,3845.3,6936.47,0.369,230110,230110_1.25_pAPi,
432,3414.93,5580.139,0.489,230110,230110_1.25_pAPi,
442,46458.546,8324.929,0.365,230110,230110_1.25_pAPi,
452,11037.1,8180.634,0.638,230110,230110_1.25_pAPi,
462,5354.894,7157.915,0.26,230110,230110_1.25_pAPi,
472,14164.292,8709.062,0.254,230110,230110_1.25_pAPi,
482,66242.385,8856.822,0.255,230110,230110_1.25_pAPi,
492,3494.078,8910.359,0.86,230110,230110_1.25_pAPi,
502,15674.71,7203.181,0.466,230110,230110_1.25_pAPi,
517,5615.424,8090.111,0.593,230110,230110_1.25_pAPi,
522,40122.541,7248.065,0.169,230110,230110_1.25_pAPi,
532,96600.798,7830.309,0.225,230110,230110_1.25_pAPi,
542,2660.545,6911.81,0.367,230110,230110_1.25_pAPi,
552,11961.324,9843.267,0.76,230110,230110_1.25_pAPi,
562,4759.631,6143.898,0.355,230110,230110_1.25_pAPi,
572,9983.435,7915.96,0.319,230110,230110_1.25_pAPi,
582,9989.206,7422.073,0.666,230110,230110_1.25_pAPi,
592,45353.765,8508.315,0.207,230110,230110_1.25_pAPi,
602,7157.996,8256.565,0.321,230110,230110_1.25_pAPi,
617,4042.347,6841.238,0.312,230110,230110_1.25_pAPi,
622,4540.323,6742.863,0.39,230110,230110_1.25_pAPi,
632,2508.844,5736.598,0.755,230110,230110_1.25_pAPi,
642,4473.542,6783.65,0.174,230110,230110_1.25_pAPi,
652,13118.871,8733.008,0.266,230110,230110_1.25_pAPi,
662,5044.895,7358.245,0.458,230110,230110_1.25_pAPi,
672,2690.226,7434.364,0.509,230110,230110_1.25_pAPi,
681,17914.778,7508.583,0.409,230110,230110_1.25_pAPi,
691,3222.005,7312.027,0.539,230110,230110_1.25_pAPi,
701,9752.585,8591.705,0.365,230110,230110_1.25_pAPi,
716,5857.817,8329.542,0.593,230110,230110_1.25_pAPi,
721,23372.73,8827.391,0.334,230110,230110_1.25_pAPi,
731,19656.871,7977.882,0.273,230110,230110_1.25_pAPi,
741,4735.721,9115.04,0.508,230110,230110_1.25_pAPi,
751,3677.934,6940.177,0.409,230110,230110_1.25_pAPi,
761,74632.13,8586.892,0.231,230110,230110_1.25_pAPi,
771,50644.35,8212.596,0.294,230110,230110_1.25_pAPi,
781,7503.447,8660.015,0.36,230110,230110_1.25_pAPi,
791,4436.441,6262.006,0.421,230110,230110_1.25_pAPi,
801,50005.391,8161.077,0.176,230110,230110_1.25_pAPi,
816,40186.024,8505.572,0.244,230110,230110_1.25_pAPi,
821,3063.708,6827.028,0.608,230110,230110_1.25_pAPi,
831,18376.478,8593.041,0.258,230110,230110_1.25_pAPi,
841,7947.008,8085.041,0.453,230110,230110_1.25_pAPi,
851,92181.671,8540.796,0.245,230110,230110_1.25_pAPi,
861,5050.666,6708.558,0.852,230110,230110_1.25_pAPi,
871,5051.491,8863.116,0.587,230110,230110_1.25_pAPi,
881,3715.035,7896.715,0.609,230110,230110_1.25_pAPi,
891,6402.787,7970.285,0.408,230110,230110_1.25_pAPi,
901,63552.983,8376.558,0.149,230110,230110_1.25_pAPi,
916,52800.323,8288.526,0.192,230110,230110_1.25_pAPi,
921,2526.158,10273.136,0.825,230110,230110_1.25_pAPi,
931,47466.041,8382.632,0.265,230110,230110_1.25_pAPi,
1106,3149.452,8143.746,0.662,230110,230110_1.25_SCD1i,
270,4588.967,8750.478,0.902,230110,230110_1.25_SCD1i,
326,7339.379,9430.107,0.546,230110,230110_1.25_SCD1i,
418,3597.136,6206.893,0.457,230110,230110_1.25_SCD1i,
518,7507.569,8871.561,0.488,230110,230110_1.25_SCD1i,
618,14130.488,9874.148,0.672,230110,230110_1.25_SCD1i,
717,2616.024,5508.741,0.723,230110,230110_1.25_SCD1i,
817,6490.181,7027.133,0.511,230110,230110_1.25_SCD1i,
917,6264.277,8554.17,0.612,230110,230110_1.25_SCD1i,
1016,3455.329,8103.921,0.812,230110,230110_1.25_SCD1i,
1116,3743.067,7124.842,0.728,230110,230110_1.25_SCD1i,
